"0,074655","0,042904","0,074945","0,033599",1
"0,0071771","0,027429","0,10714","0,032839",1
"0,079491","0,055389","0,095543","0,042319",1
"0,041761","0,049584","0,048329","0,025994",1
"0,033819","0,030978","0,048333","0,038542",1
"0,00051329","0,054153","0,074203","0,035734",1
"0,0065629","0,051537","0,072773","0,034996",1
"0,0052383","0,044183","0,051615","0,024572",1
"0,098719","0,076865","0,11135","0,10678",1
"0,078251","0,034972","0,042117","0,024456",1
"0,016805","0,060864","0,07053","0,037686",1
"0,012968","0,056482","0,069238","0,03678",1
"0,023057","0,0708","0,13167","0,067695",1
"0,10633","0,037433","0,074235","0,036058",1
"0,055686","0,029191","0,050394","0,024654",1
"0,085155","0,029553","0,11846","0,023291",1
"0,021761","0,038282","0,077775","0,036873",1
"0,017515","0,0387","0,082277","0,044858",1
"0,078644","0,034645","0,047138","0,02605",1
"0,020616","0,039712","0,060446","0,035901",1
"0,052816","0,038485","0,076422","0,032982",1
"0,020225","0,047939","0,086526","0,040756",1
"0,065782","0,061541","0,1469","0,07451",1
"0,067977","0,036899","0,085627","0,042343",1
"0,020479","0,030744","0,069959","0,040339",1
"0,061259","0,058911","0,047922","0,026493",1
"0,054482","0,026871","0,054333","0,03135",1
"0,023205","0,047128","0,05418","0,029575",1
"0,016806","0,029201","0,046205","0,026635",1
"0,019908","0,039135","0,10837","0,046982",1
"0,0038349","0,037673","0,069827","0,040927",1
"0,012913","0,041978","0,099634","0,052465",1
"0,076133","0,029779","0,052425","0,030884",1
"0,02797","0,052928","0,087346","0,039152",1
"0,0081025","0,037283","0,088051","0,04654",1
"0,017978","0,040669","0,075511","0,03693",1
"0,096067","0,089322","0,13107","0,065616",1
"0,053613","0,066975","0,091855","0,059066",1
"0,0015494","0,052979","0,054148","0,025236",1
"0,083793","0,028405","0,053641","0,027896",1
"0,08814","0,036246","0,060369","0,029473",1
"0,12053","0,015055","0,035084","0,022468",1
"0,084736","0,034515","0,080308","0,037936",1
"0,047544","0,07405","0,14273","0,082794",1
"0,038319","0,043289","0,058353","0,028857",1
"0,040201","0,035716","0,072016","0,032908",1
"0,027607","0,040999","0,070664","0,037511",1
"0,07632","0,035395","0,049879","0,025818",1
"0,078404","0,037528","0,076242","0,036087",1
"0,043816","0,027653","0,050269","0,027143",1
"0,1388","0,023647","0,062918","0,029797",1
"0,020014","0,057534","0,11279","0,054877",1
"0,025558","0,030847","0,064761","0,037938",1
"0,04599","0,044567","0,071246","0,054745",1
"0,11175","0,1042","0,148","0,092001",1
"0,02502","0,075556","0,17616","0,08101",1
"0,070355","0,041518","0,07763","0,041243",1
"0,089511","0,023615","0,033785","0,019215",1
"0,06489","0,021861","0,044966","0,021672",1
"0,0097608","0,09453","0,11843","0,052794",1
"0,069425","0,043756","0,075","0,043877",1
"0,026964","0,034896","0,056223","0,035979",1
"0,05542","0,077311","0,13348","0,068025",1
"0,12495","0,0421","0,066242","0,033038",1
"0,048314","0,032775","0,067461","0,031524",1
"0,068568","0,045511","0,084572","0,039784",1
"0,072195","0,075678","0,14224","0,10068",1
"0,12055","0,065595","0,10714","0,076357",1
"0,027264","0,037367","0,044836","0,019463",1
"0,11298","0,026314","0,044843","0,019043",1
"0,059114","0,053498","0,10421","0,046889",1
"0,027846","0,030777","0,11292","0,039484",1
"0,028018","0,031909","0,052877","0,027279",1
"0,034319","0,042061","0,090781","0,054507",1
"0,019795","0,058044","0,086873","0,053924",1
"0,076582","0,033628","0,05544","0,02726",1
"0,078151","0,058659","0,10495","0,046293",1
"0,053397","0,052158","0,066923","0,040387",1
"0,013615","0,050547","0,081942","0,043766",1
"0,093189","0,021736","0,039724","0,02234",1
"0,074726","0,037184","0,068552","0,038687",1
"0,069215","0,039549","0,07024","0,032817",1
"0,046087","0,024225","0,048174","0,022335",1
"0,040503","0,036372","0,064407","0,036919",1
"0,015954","0,065388","0,092974","0,055493",1
"0,12185","0,040411","0,07373","0,041245",1
"0,072175","0,048295","0,072316","0,031822",1
"0,0055757","0,043005","0,075693","0,032138",1
"0,047816","0,050992","0,082366","0,051861",1
"0,083725","0,030021","0,10579","0,056154",1
"0,035007","0,041616","0,074753","0,039542",1
"0,094641","0,049076","0,11189","0,051019",1
"0,044697","0,067425","0,10834","0,061161",1
"0,03822","0,032329","0,062237","0,038275",1
"0,083294","0,032741","0,056477","0,024068",1
"0,018936","0,047853","0,10239","0,053846",1
"0,021302","0,035431","0,062142","0,030439",1
"0,050604","0,03693","0,0509","0,024583",1
"0,026356","0,047435","0,077085","0,029617",1
"0,026532","0,046461","0,066629","0,034609",1
"0,027232","0,063717","0,096102","0,05328",1
"0,072287","0,032709","0,051655","0,02548",1
"0,053147","0,021412","0,0492","0,027874",1
"0,067863","0,079028","0,15822","0,097634",1
"0,035618","0,043469","0,068968","0,039806",1
"0,0022128","0,045712","0,08081","0,047314",1
"0,019418","0,071777","0,081079","0,038902",1
"0,032222","0,050378","0,16701","0,056644",1
"0,071831","0,08335","0,17819","0,093791",1
"0,063862","0,034188","0,053879","0,025825",1
"0,033164","0,058462","0,1054","0,060109",1
"0,057313","0,017812","0,035116","0,017803",1
"0,055189","0,02333","0,067025","0,033073",1
"0,040601","0,035099","0,037529","0,020186",1
"0,13108","0,047361","0,069575","0,054291",1
"0,05842","0,035072","0,066778","0,033243",1
"0,085217","0,028101","0,060531","0,027178",1
"0,13122","0,016814","0,030436","0,015632",1
"0,0059998","0,050444","0,050086","0,023153",1
"0,12201","0,057287","0,11818","0,070957",1
"0,00084805","0,044487","0,056224","0,032029",1
"0,066321","0,027694","0,059449","0,024703",1
"0,036029","0,038347","0,069098","0,033708",1
"0,082552","0,049161","0,053334","0,029353",1
"0,076926","0,027366","0,060376","0,027013",1
"0,039007","0,081028","0,12282","0,084031",1
"0,013532","0,037996","0,060677","0,032195",1
"0,043052","0,038829","0,073106","0,048543",1
"0,11995","0,045541","0,053937","0,022266",1
"0,067331","0,06226","0,10772","0,059411",1
"0,043035","0,036142","0,055536","0,025509",1
"0,086094","0,043757","0,054548","0,029628",1
"0,042048","0,052326","0,084784","0,045558",1
"0,036826","0,08892","0,1639","0,10603",1
"0,061922","0,03672","0,038057","0,023582",1
"0,00033613","0,069388","0,090592","0,044737",1
"0,049876","0,041723","0,14283","0,041319",1
"0,017556","0,072157","0,062144","0,035198",1
"0,073453","0,035489","0,083478","0,0302",1
"0,054746","0,047974","0,060252","0,03068",1
"0,03378","0,0307","0,059628","0,028278",1
"0,00045249","0,042009","0,064287","0,047152",1
"0,039806","0,054265","0,14369","0,094573",1
"0,03954","0,04088","0,066015","0,048401",1
"0,10351","0,028556","0,056085","0,032915",1
"0,031852","0,041464","0,062169","0,039388",1
"0,020777","0,035344","0,046359","0,029849",1
"0,027636","0,068263","0,11062","0,058417",1
"0,13002","0,077742","0,13164","0,058376",1
"0,011966","0,044501","0,09914","0,046595",1
"0,02005","0,050119","0,08898","0,063808",1
"0,14007","0,048032","0,08138","0,04429",1
"0,062735","0,028274","0,051287","0,029852",1
"0,0098737","0,060238","0,077195","0,043609",1
"0,051407","0,030862","0,061764","0,030613",1
"0,01707","0,04342","0,092448","0,055811",1
"0,02011","0,034655","0,06515","0,032815",1
"0,047365","0,058841","0,084462","0,049715",1
"0,022956","0,037793","0,088533","0,051206",1
"0,067151","0,057839","0,063129","0,040485",1
"0,078737","0,037823","0,072861","0,037533",1
"0,065224","0,030751","0,053358","0,027427",1
"0,075767","0,058459","0,098085","0,053704",1
"0,03022","0,02641","0,036496","0,020436",1
"0,0993","0,026468","0,039522","0,020308",1
"0,055803","0,033025","0,058666","0,018043",1
"0,06459","0,046986","0,066966","0,036756",1
"0,075775","0,027176","0,054439","0,026246",1
"0,043851","0,037285","0,051667","0,023936",1
"0,0091723","0,056971","0,085177","0,051289",1
"0,01334","0,039336","0,068647","0,027285",1
"0,0094001","0,03117","0,057893","0,037367",1
"0,0019095","0,028221","0,090024","0,047779",1
"0,022209","0,058644","0,10285","0,063997",1
"0,08436","0,069243","0,084074","0,047872",1
"0,03055","0,032313","0,074128","0,037297",1
"0,022659","0,0653","0,10537","0,045216",1
"0,0018343","0,037817","0,059972","0,04154",1
"0,055909","0,03033","0,054069","0,03349",1
"0,059554","0,023433","0,065152","0,034998",1
"0,038661","0,045516","0,078592","0,046465",1
"0,11734","0,03742","0,055132","0,023106",1
"0,022402","0,032747","0,060735","0,039048",1
"0,016603","0,049039","0,083702","0,048534",1
"0,012021","0,04337","0,053648","0,023848",1
"0,030544","0,044876","0,066194","0,036718",1
"0,016893","0,047124","0,067854","0,039571",1
"0,12997","0,08445","0,1281","0,10197",1
"0,06002","0,086549","0,1256","0,089083",1
"0,095405","0,10719","0,11242","0,05984",1
"0,063414","0,048022","0,053997","0,032969",1
"0,010881","0,037097","0,084705","0,029247",1
"0,03407","0,055978","0,063971","0,039309",1
"0,052504","0,049083","0,093982","0,037637",1
"0,060119","0,036295","0,13976","0,044736",1
"0,039731","0,066711","0,076949","0,041837",1
"0,083095","0,039421","0,064628","0,030052",1
"0,038465","0,035693","0,085917","0,043845",1
"0,081048","0,056047","0,089466","0,06505",1
"0,067481","0,039784","0,050932","0,038457",1
"0,0042367","0,030176","0,077333","0,04931",1
"0,00074537","0,05236","0,08639","0,04819",1
"0,04105","0,067175","0,11833","0,06652",1
"0,023896","0,076722","0,10839","0,097163",1
"0,018267","0,047877","0,1528","0,045782",1
"0,06761","0,045796","0,086224","0,039765",1
"0,066553","0,041133","0,056339","0,038179",1
"0,062313","0,026495","0,090033","0,032933",1
"0,039549","0,030212","0,059254","0,02767",1
"0,0012821","0,060651","0,056438","0,039451",1
"0,01175","0,052867","0,097941","0,04609",1
"0,010323","0,051747","0,050928","0,044972",1
"0,062137","0,042456","0,04694","0,024054",1
"0,034955","0,037005","0,065939","0,036793",1
"0,068831","0,094766","0,13519","0,090332",1
"0,086908","0,035628","0,07186","0,032879",1
"0,058471","0,042995","0,082871","0,041277",1
"0,050671","0,080328","0,077071","0,036379",1
"0,0028707","0,074594","0,091581","0,04243",1
"0,10156","0,038345","0,057214","0,02686",1
"0,1081","0,055544","0,071599","0,03259",1
"0,034001","0,040464","0,086213","0,037351",1
"0,041161","0,039368","0,056601","0,033773",1
"0,013982","0,051482","0,071415","0,03417",1
"0,10093","0,032421","0,064216","0,032551",1
"0,012028","0,055636","0,093336","0,079283",1
"0,029591","0,050478","0,094566","0,047686",1
"0,011339","0,035089","0,060138","0,029813",1
"0,054435","0,046742","0,071","0,032403",1
"0,0051544","0,04855","0,101","0,0655",1
"0,014495","0,038633","0,073252","0,044791",1
"0,048979","0,050598","0,071153","0,047923",1
"0,051225","0,041791","0,069072","0,034794",1
"0,035474","0,056357","0,062187","0,041168",1
"0,032259","0,041999","0,071548","0,040345",1
"0,034869","0,042342","0,084825","0,03368",1
"0,039588","0,072811","0,076601","0,036896",1
"0,044047","0,030343","0,052892","0,030931",1
"0,014082","0,041003","0,092598","0,037828",1
"0,024058","0,040592","0,057077","0,026043",1
"0,0024023","0,028147","0,04616","0,029349",1
"0,056519","0,063823","0,080458","0,030911",1
"0,091942","0,072935","0,10805","0,070118",1
"0,030675","0,031633","0,047624","0,023122",1
"0,025343","0,070505","0,090644","0,040811",1
"0,054576","0,041105","0,085765","0,042945",1
"0,052543","0,045464","0,084972","0,03622",1
"0,041894","0,038819","0,052602","0,025189",1
"0,0077344","0,045964","0,078032","0,034937",1
"0,075261","0,049383","0,063797","0,027777",1
"0,013381","0,068375","0,054119","0,072146",1
"0,0046885","0,035573","0,052025","0,031775",1
"0,030575","0,063","0,07743","0,041573",1
"0,11297","0,05847","0,083233","0,072066",1
"0,01184","0,058629","0,13865","0,057533",1
"0,12953","0,046509","0,16514","0,046921",1
"0,06746","0,04231","0,06873","0,037153",1
"0,080288","0,07374","0,12291","0,070883",1
"0,014008","0,051103","0,061627","0,031492",1
"0,045832","0,066567","0,084707","0,048983",1
"0,042828","0,032179","0,051467","0,029183",1
"0,064274","0,058796","0,077425","0,038926",1
"0,026125","0,036938","0,062112","0,038389",1
"0,05514","0,069422","0,1158","0,083985",1
"0,022021","0,036071","0,065478","0,039023",1
"0,04238","0,10806","0,17529","0,094584",1
"0,080195","0,033415","0,045044","0,028334",1
"0,023606","0,052779","0,054291","0,028668",1
"0,060402","0,088192","0,088383","0,04393",1
"0,11601","0,099809","0,14795","0,081328",1
"0,056027","0,036574","0,066193","0,033963",1
"0,033627","0,044099","0,050061","0,024522",1
"0,031863","0,063866","0,10736","0,048493",1
"0,0208","0,047017","0,048183","0,02374",1
"0,044894","0,030716","0,065674","0,027717",1
"0,027073","0,033884","0,080257","0,053305",1
"0,026838","0,038972","0,080312","0,041918",1
"0,060304","0,029411","0,053918","0,031051",1
"0,09235","0,048934","0,081542","0,032258",1
"0,023045","0,049776","0,063847","0,035243",1
"0,034005","0,065144","0,12744","0,060758",1
"0,031048","0,034732","0,066474","0,028891",1
"0,079655","0,059915","0,11519","0,055016",1
"0,099724","0,038838","0,080319","0,050315",1
"0,087639","0,029583","0,057652","0,032385",1
"0,10482","0,041545","0,054606","0,026129",1
"0,063542","0,041667","0,069777","0,024096",1
"0,028028","0,061882","0,1025","0,041995",1
"0,0022466","0,053176","0,0782","0,04442",1
"0,070648","0,047939","0,046992","0,023333",1
"0,061273","0,033823","0,096719","0,044718",1
"0,077214","0,063761","0,10778","0,057207",1
"0,09715","0,055881","0,088542","0,042256",1
"0,0042082","0,052601","0,10255","0,049739",1
"0,045371","0,04748","0,089094","0,058958",1
"0,0097533","0,040791","0,074172","0,041275",1
"0,061396","0,043747","0,079442","0,040481",1
"0,089311","0,05233","0,096328","0,049158",1
"0,083267","0,03311","0,059723","0,027179",1
"0,10595","0,033419","0,043223","0,022968",1
"0,085284","0,036531","0,0441","0,024071",1
"0,0086653","0,053981","0,10419","0,054095",1
"0,011145","0,039061","0,063594","0,037746",1
"0,12956","0,044141","0,071744","0,045618",1
"0,035106","0,035023","0,066017","0,0343",1
"0,0035","0,024695","0,057142","0,027107",1
"0,086871","0,03724","0,049929","0,022719",1
"0,10516","0,078095","0,10235","0,058514",1
"0,026304","0,071332","0,10702","0,055242",1
"0,037459","0,055067","0,097711","0,049234",1
"0,026319","0,046068","0,074131","0,031788",1
"0,05941","0,049317","0,07607","0,040294",1
"0,023847","0,038651","0,080968","0,026152",1
"0,045534","0,032271","0,052456","0,027222",1
"0,029529","0,063944","0,069686","0,053301",1
"0,0098668","0,042651","0,065226","0,042814",1
"0,064541","0,043399","0,078448","0,023814",1
"0,026043","0,030104","0,071039","0,032699",1
"0,045755","0,038053","0,13295","0,057042",1
"0,044289","0,046879","0,086391","0,034848",1
"0,02119","0,069917","0,10543","0,055834",1
"0,05481","0,042213","0,057288","0,031662",1
"0,061022","0,094708","0,14986","0,080936",1
"0,083411","0,040567","0,079514","0,040973",1
"0,018238","0,037154","0,072222","0,033787",1
"0,054119","0,045735","0,065993","0,029651",1
"0,058724","0,026234","0,033288","0,020352",1
"0,026227","0,035066","0,067459","0,04481",1
"0,096128","0,043364","0,069113","0,039974",1
"0,029528","0,03388","0,052327","0,032185",1
"0,082288","0,060397","0,10231","0,048723",1
"0,0041451","0,041907","0,1044","0,071304",1
"0,018286","0,046033","0,084747","0,065931",1
"0,014629","0,030543","0,073061","0,036172",1
"0,03059","0,061199","0,057516","0,037272",1
"0,06257","0,043231","0,065491","0,043784",1
"0,045588","0,01612","0,03771","0,018192",1
"0,015787","0,039437","0,11903","0,046835",1
"0,047904","0,042278","0,06816","0,031115",1
"0,076608","0,039752","0,074849","0,028636",1
"0,041023","0,051063","0,10179","0,049947",1
"0,071428","0,052547","0,092022","0,057269",1
"0,010654","0,044769","0,063775","0,039116",1
"0,058451","0,044395","0,059853","0,032714",1
"0,057868","0,046911","0,073267","0,044044",1
"0,066161","0,041682","0,094583","0,049378",1
"0,08166","0,032794","0,050651","0,026901",1
"0,087824","0,045203","0,090461","0,045149",1
"0,020745","0,061116","0,089991","0,043937",1
"0,014104","0,068386","0,11185","0,056006",1
"0,03663","0,040685","0,08398","0,0483",1
"0,0024845","0,041253","0,068522","0,033927",1
"0,014189","0,065669","0,099384","0,050033",1
"0,070377","0,049908","0,064416","0,030903",1
"0,10246","0,059667","0,10385","0,049883",1
"0,13528","0,041764","0,068235","0,03102",1
"0,10926","0,050387","0,096766","0,055154",1
"0,082524","0,047509","0,076442","0,029868",1
"0,040251","0,045689","0,068257","0,041193",1
"0,093701","0,023855","0,05683","0,028923",1
"0,097943","0,029756","0,078137","0,054684",1
"0,041162","0,04926","0,070603","0,050393",1
"0,035795","0,050525","0,088225","0,046079",1
"0,08635","0,038481","0,059816","0,040871",1
"0,043075","0,030756","0,051432","0,030485",1
"0,0631","0,041089","0,066647","0,033535",1
"0,070421","0,026286","0,049406","0,02838",1
"0,071016","0,059677","0,11239","0,077821",1
"0,02244","0,029787","0,056109","0,034744",1
"0,034421","0,044633","0,0553","0,025313",1
"0,076391","0,033959","0,059118","0,030305",1
"0,007843","0,039018","0,080367","0,039916",1
"0,053845","0,03242","0,075517","0,04224",1
"8,03E-05","0,044472","0,070492","0,04053",1
"0,024899","0,026437","0,039284","0,0198",1
"0,042055","0,037962","0,085339","0,04916",1
"0,070336","0,063039","0,12927","0,066746",1
"0,020396","0,044221","0,079136","0,043709",1
"0,033193","0,040798","0,044013","0,026921",1
"0,017674","0,065166","0,10124","0,063429",1
"0,083557","0,025375","0,060577","0,032275",1
"0,10713","0,045378","0,07848","0,047172",1
"0,083359","0,032313","0,036848","0,019672",1
"0,023866","0,076081","0,12863","0,072411",1
"0,05093","0,045637","0,064065","0,038878",1
"0,097387","0,074658","0,14188","0,064487",1
"0,0048181","0,056097","0,07998","0,03605",1
"0,086662","0,048775","0,078358","0,048564",1
"0,055617","0,069683","0,11705","0,040994",1
"0,035095","0,046714","0,072017","0,044055",1
"0,018426","0,043665","0,076451","0,047422",1
"0,035179","0,062472","0,073249","0,038217",1
"0,0057115","0,033369","0,084424","0,038909",1
"0,089221","0,064632","0,088529","0,054407",1
"0,0086401","0,052624","0,075329","0,040408",1
"0,05163","0,034421","0,089571","0,039666",1
"0,041102","0,031139","0,064995","0,035133",1
"0,0097492","0,033692","0,069644","0,039168",1
"0,0011993","0,040319","0,088693","0,043395",1
"0,12755","0,064914","0,10592","0,047975",1
"0,086195","0,038434","0,071822","0,039383",1
"0,067966","0,06956","0,14967","0,082954",1
"0,0081649","0,051984","0,093979","0,05054",1
"0,036005","0,035023","0,057257","0,026478",1
"0,063396","0,049893","0,066343","0,036031",1
"0,055561","0,051833","0,094424","0,058339",1
"0,079495","0,030618","0,052539","0,02886",1
"0,13985","0,069799","0,098724","0,048936",1
"0,048977","0,036912","0,083444","0,041204",1
"0,018381","0,045201","0,072186","0,038783",1
"0,04195","0,042937","0,067282","0,034046",1
"0,05986","0,031013","0,051855","0,031815",1
"0,079527","0,025493","0,038278","0,020464",1
"0,027344","0,046042","0,05543","0,033022",1
"0,031751","0,057495","0,055361","0,033883",1
"0,023614","0,034554","0,071798","0,036404",1
"0,038522","0,031025","0,059771","0,033629",1
"0,080969","0,022473","0,039474","0,02161",1
"0,085026","0,028615","0,063734","0,035725",1
"0,053564","0,04179","0,071994","0,03651",1
"0,031649","0,059682","0,079705","0,041891",1
"0,087617","0,028073","0,05264","0,030207",1
"0,070296","0,018008","0,035911","0,019579",1
"0,0025263","0,031454","0,08069","0,05369",1
"0,0153","0,07455","0,072426","0,074752",1
"0,023264","0,034242","0,076443","0,045041",1
"0,096708","0,048602","0,087207","0,03889",1
"0,036929","0,081856","0,093681","0,056135",1
"0,017871","0,062365","0,12206","0,055215",1
"0,057969","0,043853","0,073728","0,044052",1
"0,1215","0,058339","0,11511","0,026076",1
"0,021118","0,043087","0,092726","0,049277",1
"0,010857","0,035059","0,04017","0,029884",1
"0,045582","0,03936","0,071925","0,041223",1
"0,055854","0,036644","0,061795","0,041299",1
"0,0066997","0,078999","0,14756","0,064032",1
"0,12994","0,053291","0,084868","0,045005",1
"0,077422","0,036126","0,061616","0,051904",1
"0,028777","0,055535","0,09334","0,056096",1
"0,013832","0,050341","0,096368","0,059529",1
"0,027343","0,066779","0,079867","0,036142",1
"0,046646","0,046727","0,090066","0,044469",1
"0,067279","0,02985","0,056359","0,026958",1
"0,046402","0,048965","0,070869","0,035196",1
"0,0055561","0,056749","0,067377","0,031019",1
"0,0054037","0,059079","0,095648","0,051821",1
"0,089645","0,024642","0,04085","0,021696",1
"0,062719","0,069747","0,10231","0,057284",1
"0,07617","0,037964","0,1053","0,044983",1
"0,021916","0,056392","0,080474","0,039501",1
"0,11842","0,059929","0,14288","0,060202",1
"0,073003","0,093376","0,15198","0,089543",1
"0,020062","0,046891","0,082466","0,045127",1
"0,06456","0,029283","0,043863","0,026831",1
"0,015163","0,04166","0,05452","0,036257",1
"0,059729","0,038579","0,067604","0,034384",1
"0,12139","0,048739","0,068373","0,031906",1
"0,029338","0,058228","0,083946","0,04395",1
"0,016607","0,042257","0,047485","0,025649",1
"0,098843","0,049225","0,064282","0,038912",1
"0,024068","0,063222","0,11161","0,052715",1
"0,045961","0,041742","0,079149","0,04581",1
"0,023","0,052234","0,08655","0,035258",1
"0,1121","0,041182","0,071005","0,036148",1
"0,092636","0,036874","0,038751","0,023698",1
"0,10384","0,070796","0,10218","0,061038",1
"0,04915","0,033825","0,056916","0,033461",1
"0,098771","0,025563","0,038162","0,021039",1
"0,085164","0,023298","0,061939","0,029836",1
"0,034887","0,053635","0,09905","0,043686",1
"0,040841","0,070978","0,12258","0,071172",1
"0,13533","0,032893","0,084945","0,056422",1
"0,037046","0,049923","0,10313","0,069868",1
"0,017225","0,05643","0,096526","0,057269",1
"0,082174","0,051844","0,11613","0,054216",1
"0,034047","0,049464","0,054012","0,020436",1
"0,014012","0,048604","0,094598","0,046588",1
"0,013088","0,039425","0,058713","0,030752",1
"0,13151","0,074226","0,12062","0,074151",1
"0,024858","0,037886","0,070219","0,032695",1
"0,031009","0,057631","0,13256","0,06414",1
"0,12027","0,01932","0,034771","0,017482",1
"0,0016616","0,038699","0,057356","0,030498",1
"0,050807","0,05456","0,08724","0,05497",1
"0,010083","0,03431","0,11721","0,053403",1
"0,057344","0,078984","0,11034","0,057092",1
"0,012549","0,036679","0,058131","0,027792",1
"0,063278","0,029765","0,044091","0,027369",1
"0,11618","0,067057","0,11031","0,06557",1
"0,099674","0,065899","0,082026","0,039241",1
"0,018971","0,032479","0,064836","0,034463",1
"0,015445","0,04594","0,083802","0,041792",1
"0,067831","0,077245","0,10837","0,044533",1
"0,0088836","0,056056","0,083209","0,054239",1
"0,0068959","0,067525","0,1127","0,064618",1
"0,086291","0,033106","0,077681","0,026756",1
"0,039865","0,047944","0,071699","0,043549",1
"0,061088","0,048459","0,08845","0,048347",1
"0,044323","0,030357","0,10266","0,044705",1
"0,038907","0,059367","0,059616","0,021428",1
"0,015329","0,052313","0,085809","0,058527",1
"0,072088","0,034664","0,081331","0,040298",1
"0,048593","0,026836","0,048428","0,034212",1
"0,041631","0,033939","0,049207","0,029657",1
"0,0032694","0,063294","0,099137","0,054573",1
"0,056518","0,056764","0,11927","0,044174",1
"0,030097","0,033665","0,053116","0,033124",1
"0,060943","0,050109","0,052244","0,058505",1
"0,09569","0,034966","0,054343","0,034074",1
"0,039988","0,024509","0,050571","0,024265",1
"0,119","0,037029","0,067151","0,034582",1
"0,095145","0,10104","0,13356","0,059002",1
"0,036968","0,042987","0,065408","0,032835",1
"0,03007","0,048494","0,05743","0,031945",1
"0,026517","0,031054","0,056148","0,032051",1
"0,056817","0,059861","0,11565","0,053538",1
"0,074925","0,063934","0,066526","0,037581",1
"0,039844","0,088106","0,16573","0,075037",1
"0,047167","0,053583","0,097192","0,047792",1
"0,11203","0,050013","0,16555","0,035539",1
"0,03476","0,029699","0,081705","0,040676",1
"0,056939","0,070392","0,1058","0,061168",1
"0,0048002","0,046913","0,062525","0,03113",1
"0,044676","0,028795","0,050169","0,031106",1
"0,10103","0,026662","0,049109","0,024497",1
"0,027465","0,080386","0,1289","0,068295",1
"0,0097121","0,03867","0,060432","0,034607",1
"0,031437","0,048709","0,096957","0,048242",1
"0,054228","0,046806","0,086138","0,049231",1
"0,03352","0,046072","0,067223","0,041209",1
"0,14278","0,049141","0,080868","0,047553",1
"0,074268","0,037604","0,06546","0,039973",1
"0,096129","0,023824","0,042739","0,026022",1
"0,057719","0,058139","0,057651","0,043672",1
"0,054326","0,03596","0,055452","0,039056",1
"0,0068987","0,045375","0,076569","0,048532",1
"0,04115","0,036108","0,056518","0,03571",1
"0,0090637","0,028176","0,08137","0,0378",1
"0,0078573","0,065478","0,091379","0,065949",1
"0,085656","0,032221","0,046482","0,019388",1
"0,0085009","0,043485","0,046639","0,025163",1
"0,065923","0,06288","0,10024","0,045405",1
"0,028367","0,035958","0,059245","0,02797",1
"0,015389","0,098554","0,12447","0,070533",1
"0,01813","0,047452","0,061816","0,028257",1
"0,070644","0,064871","0,11612","0,078749",1
"0,065156","0,061529","0,10084","0,059545",1
"0,070064","0,031487","0,054692","0,043025",1
"0,011773","0,04037","0,05971","0,039644",1
"0,11677","0,029765","0,049847","0,036436",1
"0,057344","0,045196","0,075477","0,048808",1
"0,021745","0,037275","0,077933","0,050145",1
"0,020343","0,045344","0,062773","0,029337",1
"0,060709","0,045328","0,053812","0,03234",1
"0,062054","0,047032","0,077681","0,053725",1
"0,072814","0,034174","0,063801","0,045674",1
"0,1232","0,052637","0,073182","0,046711",1
"0,086871","0,03724","0,049929","0,022719",1
"0,0018078","0,040059","0,07808","0,045073",1
"0,10548","0,022932","0,066591","0,035424",1
"0,031164","0,063131","0,076798","0,046669",1
"0,04946","0,041657","0,067834","0,036774",1
"0,027152","0,049861","0,13988","0,086479",1
"0,054547","0,043533","0,077565","0,030162",1
"0,058534","0,047414","0,08726","0,057626",1
"0,012958","0,049101","0,05622","0,032381",1
"0,043927","0,043613","0,075254","0,040354",1
"0,10496","0,033068","0,062644","0,037454",1
"0,051538","0,052024","0,049355","0,026965",1
"0,13904","0,031105","0,052842","0,025426",1
"0,078619","0,048391","0,067832","0,038002",1
"0,10162","0,037188","0,072383","0,029536",1
"0,042895","0,046894","0,053403","0,03137",1
"0,07916","0,024014","0,057141","0,025177",1
"0,039809","0,064854","0,1106","0,052348",1
"0,027647","0,052078","0,11298","0,05166",1
"0,033555","0,038115","0,050279","0,022715",1
"0,041794","0,05881","0,091218","0,045408",1
"0,036297","0,049757","0,084415","0,044109",1
"0,062658","0,053034","0,094693","0,053497",1
"0,038833","0,027408","0,10198","0,037436",1
"0,089418","0,064691","0,082778","0,061797",1
"0,025238","0,044563","0,05552","0,032693",1
"0,10535","0,037026","0,13178","0,036352",1
"0,033316","0,040245","0,074616","0,03525",1
"0,023628","0,039655","0,086153","0,037986",1
"0,0044896","0,068051","0,099759","0,054292",1
"0,10046","0,053401","0,10288","0,056926",1
"0,014186","0,041392","0,067468","0,035825",1
"0,028149","0,036247","0,095869","0,046129",1
"0,0037938","0,039799","0,074671","0,035297",1
"0,028779","0,05909","0,10891","0,060066",1
"0,0052745","0,088773","0,08355","0,045178",1
"0,092044","0,032601","0,047041","0,030848",1
"0,011884","0,07058","0,12943","0,077718",1
"0,013475","0,041312","0,086318","0,04674",1
"0,028626","0,044365","0,074183","0,041917",1
"0,059723","0,037421","0,074902","0,031225",1
"0,060709","0,045328","0,053812","0,03234",1
"0,017113","0,035296","0,072071","0,029355",1
"0,020413","0,066453","0,12827","0,066947",1
"0,084916","0,050898","0,091504","0,045436",1
"0,02618","0,035345","0,051939","0,028915",1
"0,058305","0,020804","0,047234","0,02252",1
"0,020863","0,067032","0,12199","0,068714",1
"0,017407","0,072696","0,17684","0,079094",1
"0,040005","0,060621","0,073798","0,073943",1
"0,0051364","0,047414","0,1283","0,056323",1
"0,06989","0,05131","0,094936","0,042831",1
"0,053996","0,061801","0,070806","0,04476",1
"0,016506","0,055629","0,051826","0,027613",1
"0,11129","0,028051","0,055033","0,039948",1
"0,031366","0,036717","0,065054","0,032684",1
"0,010228","0,038497","0,07027","0,03846",1
"0,096292","0,022441","0,057396","0,037282",1
"0,023628","0,041653","0,071954","0,039825",1
"0,020415","0,053459","0,094341","0,056817",1
"0,071041","0,019887","0,022459","0,011875",1
"0,12364","0,016527","0,02875","0,014728",1
"0,057134","0,054717","0,1046","0,064343",1
"0,047706","0,043944","0,076505","0,044374",1
"0,12058","0,084469","0,1612","0,089403",1
"0,10437","0,046954","0,089824","0,037015",1
"0,040381","0,047714","0,071547","0,024957",1
"0,0067809","0,038694","0,072642","0,043166",1
"0,013265","0,063651","0,061557","0,031668",1
"0,052495","0,056608","0,085201","0,043804",1
"0,044846","0,034936","0,04774","0,022445",1
"0,03793","0,06083","0,091391","0,058686",1
"0,064968","0,057056","0,096948","0,051246",1
"0,015426","0,051104","0,094829","0,044755",1
"0,0087861","0,036239","0,060804","0,040439",1
"0,057681","0,046608","0,068302","0,033075",1
"0,06446","0,031018","0,04796","0,021884",1
"0,098099","0,0213","0,042615","0,020603",1
"0,016797","0,045305","0,057855","0,035137",1
"0,024894","0,04917","0,070037","0,040598",1
"0,009399","0,054939","0,091751","0,04601",1
"0,02328","0,048345","0,06815","0,042109",1
"0,045904","0,036963","0,11142","0,033899",1
"0,029815","0,029693","0,063573","0,037013",1
"0,069979","0,024845","0,037374","0,019515",1
"0,028243","0,059001","0,076961","0,042503",1
"0,094518","0,025053","0,043519","0,023572",1
"0,072372","0,054408","0,081479","0,032157",1
"0,029688","0,046532","0,054385","0,033304",1
"0,11327","0,035384","0,060952","0,03294",1
"0,040704","0,040171","0,10735","0,052833",1
"0,097988","0,036654","0,057215","0,034395",1
"0,12674","0,031163","0,073657","0,049364",1
"0,063988","0,044383","0,069697","0,033187",1
"0,064898","0,032733","0,079439","0,039387",1
"0,062388","0,041353","0,058072","0,031652",1
"0,021623","0,059318","0,073341","0,028913",1
"0,14413","0,072976","0,13584","0,088336",1
"0,074164","0,058926","0,077348","0,05792",1
"0,013965","0,044336","0,062356","0,028621",1
"0,035671","0,094179","0,09642","0,046052",1
"0,073624","0,069938","0,07452","0,034709",1
"0,042197","0,032172","0,059928","0,037818",1
"0,016214","0,041613","0,080392","0,036838",1
"0,021877","0,022268","0,038846","0,019017",1
"0,063385","0,039553","0,069032","0,039731",1
"0,060564","0,024169","0,057599","0,029231",1
"0,011083","0,053932","0,08469","0,049024",1
"0,029106","0,036264","0,051858","0,031165",1
"0,092834","0,02386","0,035283","0,017839",1
"0,054327","0,050506","0,066762","0,03875",1
"0,033152","0,061195","0,074721","0,045516",1
"0,011702","0,042551","0,065016","0,055241",1
"0,013439","0,045056","0,050932","0,026384",1
"0,099202","0,038372","0,063008","0,033073",1
"0,050958","0,050669","0,085165","0,051365",1
"0,025125","0,046949","0,11176","0,050248",1
"0,062944","0,024983","0,047549","0,023689",1
"0,038442","0,032875","0,083843","0,049672",1
"0,047465","0,028754","0,062766","0,033576",1
"0,0134","0,030786","0,07123","0,037155",1
"0,070488","0,039853","0,060243","0,032631",1
"0,042624","0,037181","0,06049","0,036642",1
"0,0019687","0,039735","0,14182","0,04266",1
"0,007284","0,078743","0,096487","0,045698",1
"0,034157","0,056934","0,096989","0,050162",1
"0,091811","0,052945","0,084058","0,054331",1
"0,0062181","0,041336","0,065453","0,034679",1
"0,00076612","0,088454","0,096777","0,06189",1
"0,031215","0,039003","0,056918","0,03114",1
"0,1045","0,029846","0,048197","0,02815",1
"0,085616","0,047648","0,077512","0,038217",1
"0,016741","0,059156","0,099536","0,054115",1
"0,068552","0,038459","0,066296","0,036785",1
"0,090645","0,043473","0,081613","0,044959",1
"0,017084","0,06985","0,10726","0,074029",1
"0,028175","0,040914","0,067795","0,075905",1
"0,047625","0,034796","0,066389","0,03536",1
"0,0044511","0,049529","0,095545","0,03606",1
"0,040713","0,030393","0,13722","0,049941",1
"0,0060527","0,054203","0,080462","0,054401",1
"0,013031","0,073195","0,12765","0,071692",1
"0,024548","0,043305","0,072807","0,043236",1
"0,063979","0,035628","0,059316","0,033513",1
"0,027253","0,058026","0,094388","0,048175",1
"0,074318","0,037344","0,06567","0,039486",1
"0,13218","0,049158","0,086095","0,05125",1
"0,052191","0,032422","0,055817","0,036239",1
"0,046534","0,047448","0,11634","0,066237",1
"0,041784","0,068697","0,12225","0,085475",1
"0,060682","0,037618","0,066956","0,03988",1
"0,032049","0,1029","0,13913","0,10156",1
"0,063831","0,028738","0,061867","0,029672",1
"0,055641","0,054041","0,084291","0,048618",1
"0,070451","0,033839","0,059167","0,033589",1
"0,047251","0,039278","0,074847","0,037584",1
"0,045397","0,033143","0,048374","0,020784",1
"0,080494","0,032527","0,051323","0,030584",1
"0,011875","0,046822","0,089714","0,044046",1
"0,043735","0,041121","0,067343","0,032763",1
"0,014883","0,027351","0,071387","0,023733",1
"0,04128","0,054844","0,095091","0,059677",1
"0,053567","0,030569","0,047044","0,042241",1
"0,11212","0,040792","0,033867","0,017189",1
"0,022696","0,056722","0,09426","0,044398",1
"0,025333","0,032118","0,087545","0,031754",1
"0,044122","0,046179","0,093898","0,041396",1
"0,0013676","0,062805","0,090249","0,038327",1
"0,019672","0,037089","0,070713","0,037738",1
"0,044136","0,053984","0,09372","0,04483",1
"0,088951","0,046754","0,089958","0,057297",1
"0,053673","0,04078","0,0952","0,032743",1
"0,0786","0,052505","0,067914","0,051909",1
"0,0060956","0,053384","0,07537","0,042315",1
"0,033593","0,047617","0,076775","0,042966",1
"0,011337","0,035712","0,065102","0,027992",1
"0,0064867","0,041365","0,068646","0,032808",1
"0,043315","0,04296","0,094199","0,051357",1
"0,029528","0,031995","0,064036","0,039509",1
"0,10213","0,024014","0,036489","0,018404",1
"0,045962","0,062327","0,12362","0,064407",1
"0,086641","0,046881","0,097613","0,055619",1
"0,060509","0,024038","0,049494","0,029946",1
"0,065998","0,038016","0,10712","0,047063",1
"0,0094544","0,049244","0,049055","0,024812",1
"0,054099","0,053954","0,061313","0,03503",1
"0,040894","0,037055","0,06873","0,033722",1
"0,040885","0,066062","0,12033","0,043854",1
"0,04223","0,050603","0,085753","0,048966",1
"0,012081","0,043182","0,073166","0,04765",1
"0,10985","0,097068","0,16257","0,078907",1
"0,084866","0,054277","0,066224","0,047404",1
"0,041016","0,066203","0,096313","0,063675",1
"0,046501","0,030619","0,060311","0,030327",1
"0,0083475","0,050423","0,087881","0,044126",1
"0,089896","0,03569","0,0699","0,031347",1
"0,0085722","0,040861","0,075768","0,0444",1
"0,046858","0,059802","0,088453","0,051027",1
"0,028385","0,028345","0,060135","0,036209",1
"0,13206","0,013715","0,033108","0,020035",1
"0,044462","0,045797","0,04668","0,024409",1
"0,047593","0,03309","0,05534","0,029465",1
"0,025447","0,046811","0,095454","0,045146",1
"0,013917","0,048609","0,083235","0,049827",1
"0,006728","0,04326","0,065639","0,036985",1
"0,097875","0,030021","0,073587","0,043666",1
"0,038696","0,038746","0,038142","0,023158",1
"0,095622","0,058255","0,066378","0,031225",1
"0,0094205","0,050883","0,10688","0,063977",1
"0,018366","0,049052","0,053837","0,025123",1
"0,076789","0,035111","0,046974","0,024134",1
"0,10867","0,034954","0,098887","0,049392",1
"0,1307","0,046646","0,053822","0,033365",1
"0,013382","0,042767","0,078305","0,03871",1
"0,031728","0,10142","0,15195","0,081357",1
"0,038477","0,031522","0,052003","0,033721",1
"0,10283","0,02683","0,05206","0,030679",1
"0,10654","0,027768","0,064808","0,027108",1
"0,0097694","0,043392","0,091019","0,046697",1
"0,019592","0,051879","0,071949","0,04319",1
"0,029076","0,033812","0,066429","0,034859",1
"0,027043","0,036069","0,067799","0,040599",1
"0,087044","0,039024","0,075441","0,038192",1
"0,066756","0,02074","0,088643","0,038694",1
"0,045204","0,033513","0,070637","0,037479",1
"0,052609","0,04824","0,073718","0,036834",1
"0,030078","0,081746","0,073951","0,031936",1
"0,045966","0,057237","0,099281","0,05789",1
"0,014844","0,050015","0,05839","0,024409",1
"0,021391","0,042041","0,060659","0,030957",1
"0,016208","0,044512","0,067651","0,034164",1
"0,015566","0,038917","0,073843","0,041053",1
"0,028104","0,054225","0,085592","0,058282",1
"0,048087","0,035674","0,10325","0,058879",1
"0,08454","0,041094","0,064649","0,036909",1
"0,034879","0,081277","0,075232","0,039014",1
"0,10357","0,028647","0,050622","0,028499",1
"0,037354","0,035097","0,054055","0,031546",1
"0,0082829","0,037367","0,065511","0,036852",1
"0,035504","0,036556","0,053055","0,035585",1
"0,0049714","0,042032","0,047792","0,031737",1
"0,032323","0,049634","0,071073","0,040188",1
"0,072249","0,023314","0,051451","0,025582",1
"0,07231","0,024722","0,056603","0,023139",1
"0,022088","0,029565","0,061868","0,038503",1
"0,061278","0,068457","0,1176","0,061047",1
"0,12161","0,046328","0,070283","0,032638",1
"0,016801","0,037337","0,066892","0,03074",1
"0,061294","0,067176","0,09822","0,069364",1
"0,0046637","0,062481","0,10037","0,052535",1
"0,0070216","0,036167","0,059012","0,034403",1
"0,0011754","0,048641","0,09707","0,032353",1
"0,10119","0,037448","0,041101","0,022992",1
"0,021026","0,043086","0,055783","0,037772",1
"0,015683","0,04289","0,084547","0,051123",1
"0,10794","0,034694","0,082664","0,036229",1
"0,038244","0,037859","0,061497","0,037242",1
"0,019052","0,058522","0,096069","0,064275",1
"0,095815","0,090581","0,13236","0,046632",1
"0,046262","0,057406","0,060347","0,021642",1
"0,0093872","0,044513","0,060616","0,03452",1
"0,037768","0,047661","0,074245","0,036725",1
"0,076693","0,040751","0,11705","0,044861",1
"0,017942","0,077901","0,13639","0,068043",1
"0,024048","0,028583","0,10818","0,052002",1
"0,057803","0,045982","0,083666","0,047802",1
"0,067866","0,02241","0,067185","0,018382",1
"0,040298","0,032558","0,047916","0,024057",1
"0,017763","0,051353","0,082437","0,044111",1
"0,032671","0,046082","0,073888","0,040254",1
"0,085426","0,040533","0,076194","0,040536",1
"0,012213","0,037351","0,066079","0,037002",1
"0,04142","0,031083","0,04471","0,023867",1
"0,10382","0,039041","0,052053","0,027885",1
"0,081305","0,033115","0,052942","0,028943",1
"0,049625","0,03351","0,054427","0,037735",1
"0,011166","0,074925","0,073865","0,042901",1
"0,074834","0,032875","0,078251","0,039183",1
"0,08449","0,059806","0,096714","0,051278",1
"0,016955","0,042536","0,068293","0,034704",1
"0,072995","0,040649","0,09473","0,047294",1
"0,0038087","0,050594","0,070202","0,045756",1
"0,053718","0,049392","0,085833","0,05441",1
"0,054347","0,030795","0,051958","0,028198",1
"0,065096","0,035654","0,033632","0,02498",1
"0,10411","0,057518","0,096994","0,050707",1
"0,12722","0,057891","0,07347","0,076129",1
"0,031236","0,050029","0,090685","0,05029",1
"0,060055","0,038421","0,075346","0,046358",1
"0,008294","0,038017","0,065272","0,030579",1
"0,0073208","0,059485","0,10536","0,057954",1
"0,071841","0,03168","0,038071","0,022058",1
"0,037654","0,067513","0,10095","0,080871",1
"0,0026745","0,064528","0,062612","0,032995",1
"0,0061029","0,039556","0,075229","0,050179",1
"0,064066","0,037868","0,077759","0,028113",1
"0,024861","0,038508","0,057817","0,04194",1
"0,084349","0,056812","0,092455","0,059768",1
"0,017219","0,058985","0,084147","0,04867",1
"0,047494","0,059453","0,10455","0,062565",1
"0,049595","0,038376","0,086664","0,037183",1
"0,095716","0,04627","0,07194","0,040684",1
"0,0014723","0,038357","0,076635","0,040476",1
"0,035855","0,038795","0,068305","0,032885",1
"0,10497","0,060255","0,084529","0,073262",1
"0,12422","0,065149","0,094919","0,076077",1
"0,10023","0,050844","0,1048","0,056501",1
"0,091718","0,072342","0,076276","0,064871",1
"0,035451","0,060725","0,085449","0,055399",1
"0,11401","0,029756","0,049139","0,027268",1
"0,0040774","0,054166","0,10266","0,047951",1
"0,071224","0,073258","0,10494","0,076947",1
"0,02898","0,042148","0,046042","0,029411",1
"0,071517","0,033946","0,057996","0,030167",1
"0,045881","0,055742","0,07244","0,055161",1
"0,004516","0,047374","0,082051","0,032623",1
"0,011929","0,038169","0,08136","0,039529",1
"0,09033","0,027242","0,046657","0,024072",1
"0,01045","0,064932","0,11113","0,064786",1
"0,03296","0,054535","0,10522","0,050503",1
"0,0025607","0,036893","0,066804","0,038538",1
"0,08942","0,041228","0,044543","0,024309",1
"0,03829","0,047839","0,063925","0,031136",1
"0,11517","0,02329","0,031533","0,015234",1
"0,090717","0,034168","0,047787","0,03352",1
"0,047813","0,063669","0,12142","0,048159",1
"0,05811","0,064561","0,12966","0,056178",1
"0,051104","0,035968","0,11555","0,055235",1
"0,043506","0,027029","0,071899","0,035062",1
"0,080967","0,024913","0,067866","0,030842",1
"0,054033","0,063322","0,078901","0,039379",1
"0,015257","0,058678","0,10005","0,0504",1
"0,019706","0,039228","0,067957","0,041398",1
"0,035857","0,036867","0,068127","0,037124",1
"0,029456","0,02981","0,075181","0,036352",1
"0,13915","0,033267","0,053626","0,02777",1
"0,084586","0,037198","0,077221","0,042775",1
"0,0061366","0,04523","0,075087","0,034371",1
"0,0013598","0,044976","0,066208","0,044832",1
"0,068913","0,055262","0,11782","0,064245",1
"0,12102","0,026584","0,070388","0,044423",1
"0,084504","0,098643","0,1316","0,078742",1
"0,0098735","0,054315","0,066662","0,038429",1
"0,040116","0,051137","0,078385","0,049166",1
"0,019891","0,04066","0,13314","0,033773",1
"0,11916","0,038554","0,091409","0,043744",1
"0,088464","0,032728","0,10189","0,051417",1
"0,0076323","0,030649","0,052659","0,035078",1
"0,029484","0,057534","0,10827","0,052241",1
"0,066509","0,041658","0,066919","0,028157",1
"0,090634","0,08443","0,17183","0,10147",1
"0,06173","0,050625","0,084822","0,057286",1
"0,071392","0,028529","0,045768","0,028127",1
"0,050114","0,044877","0,066468","0,037176",1
"0,038776","0,044175","0,10591","0,040877",1
"0,097329","0,092759","0,13362","0,051849",1
"0,10171","0,045688","0,076312","0,048262",1
"0,049917","0,037799","0,074396","0,051904",1
"0,041051","0,045781","0,068966","0,053109",1
"0,013967","0,08351","0,091249","0,058034",1
"0,0034337","0,039023","0,064776","0,034095",1
"0,022138","0,030243","0,06558","0,021988",1
"0,040861","0,038509","0,067009","0,032934",1
"0,0080926","0,045185","0,059661","0,028096",1
"0,0087861","0,036239","0,060804","0,040439",1
"0,032291","0,05686","0,061447","0,039887",1
"0,081072","0,039465","0,054909","0,03309",1
"0,069048","0,057713","0,10441","0,057592",1
"0,11648","0,028864","0,094328","0,025392",1
"0,0002026","0,037826","0,074831","0,025989",1
"0,0027461","0,018858","0,071141","0,021614",1
"0,055796","0,041144","0,045411","0,023655",1
"0,015055","0,025852","0,045732","0,024553",1
"0,10596","0,038667","0,093632","0,034976",1
"0,11726","0,023056","0,041389","0,02536",1
"0,061515","0,053158","0,07974","0,045603",1
"0,069434","0,030626","0,040396","0,018459",1
"0,010939","0,03576","0,059425","0,035125",1
"0,026743","0,039104","0,073179","0,033289",1
"0,047474","0,033176","0,080072","0,034097",1
"0,046899","0,062584","0,10255","0,044157",1
"0,060422","0,056796","0,099691","0,082111",1
"0,078163","0,04439","0,057282","0,028028",1
"0,099901","0,061303","0,11237","0,045092",1
"0,0083137","0,031439","0,058194","0,031498",1
"0,11537","0,039121","0,063511","0,031325",1
"0,051001","0,050217","0,060014","0,033971",1
"0,069818","0,04237","0,070154","0,034331",1
"0,11716","0,032272","0,057782","0,033152",1
"0,05918","0,093696","0,16723","0,0979",1
"0,018762","0,052792","0,12114","0,049497",1
"0,069894","0,026317","0,044631","0,025954",1
"0,058265","0,053738","0,051565","0,02129",1
"0,10029","0,018635","0,031994","0,016368",1
"0,01223","0,03397","0,15519","0,07503",1
"0,07001","0,043279","0,053015","0,031128",1
"0,070958","0,030572","0,049831","0,032621",1
"0,079643","0,070121","0,10326","0,053838",1
"0,052366","0,025151","0,050368","0,023316",1
"0,033328","0,03788","0,068867","0,03489",1
"0,023279","0,032527","0,056332","0,025179",1
"0,03581","0,090249","0,13639","0,089132",1
"0,04595","0,056847","0,0931","0,046502",1
"0,12101","0,046978","0,073938","0,037409",1
"0,071439","0,062438","0,077672","0,038778",1
"0,05097","0,046274","0,10699","0,050888",1
"0,056807","0,045938","0,071637","0,033252",1
"0,12356","0,041037","0,055638","0,035782",1
"0,095919","0,029748","0,045486","0,024674",1
"0,0026295","0,054482","0,078086","0,036801",1
"0,003225","0,027819","0,079015","0,035842",1
"0,017191","0,044067","0,08439","0,04219",1
"0,01319","0,055426","0,067","0,042485",1
"0,017513","0,097389","0,17616","0,088312",1
"0,053634","0,068929","0,11826","0,067084",1
"0,074818","0,034344","0,066657","0,035925",1
"0,067084","0,040206","0,048399","0,021416",1
"0,0071063","0,044595","0,074186","0,035639",1
"0,0372","0,055212","0,096763","0,041612",1
"0,031039","0,034339","0,069321","0,03308",1
"0,001138","0,060207","0,11333","0,056758",1
"0,026148","0,050755","0,10013","0,061639",1
"0,058684","0,051999","0,082638","0,044556",1
"0,079393","0,031683","0,064646","0,032148",1
"0,13356","0,024095","0,051287","0,03508",1
"0,058704","0,048998","0,093245","0,058689",1
"0,013824","0,050029","0,06832","0,033533",1
"0,10995","0,042039","0,062931","0,036003",1
"0,079964","0,032702","0,059845","0,038023",1
"0,020096","0,066375","0,10019","0,048677",1
"0,034975","0,059138","0,062825","0,031174",1
"0,049138","0,046141","0,082514","0,037113",1
"0,051286","0,058306","0,08967","0,058002",1
"0,11532","0,034611","0,069191","0,035574",1
"0,053159","0,059361","0,10987","0,047401",1
"0,0092417","0,051735","0,052356","0,028957",1
"0,0041366","0,07331","0,11795","0,074607",1
"0,10407","0,096559","0,10793","0,076999",1
"0,0045505","0,055818","0,082403","0,057708",1
"0,032456","0,033701","0,061457","0,034642",1
"0,0035427","0,051575","0,1138","0,056382",1
"0,023071","0,040566","0,044096","0,03697",1
"0,019522","0,043983","0,07129","0,033088",1
"0,040309","0,066186","0,11383","0,053296",1
"0,062221","0,038912","0,078732","0,040572",1
"0,053227","0,059216","0,083424","0,039392",1
"0,1464","0,049067","0,11526","0,052114",1
"0,091137","0,053952","0,099163","0,041341",1
"0,0079415","0,029296","0,053183","0,024098",1
"0,034719","0,045655","0,066645","0,042478",1
"0,077884","0,046345","0,047408","0,027582",1
"0,069963","0,048827","0,071313","0,036907",1
"0,084975","0,065308","0,098369","0,067607",1
"0,10592","0,033824","0,056588","0,026782",1
"0,046861","0,047182","0,07587","0,034396",1
"0,052645","0,024978","0,051459","0,029877",2
"0,023155","0,033095","0,074979","0,039085",2
"0,032872","0,029659","0,047872","0,024798",2
"0,014369","0,03281","0,034272","0,014964",2
"0,019364","0,025509","0,042217","0,022321",2
"0,020395","0,029325","0,048386","0,02488",2
"0,054326","0,037345","0,039795","0,020591",2
"0,031645","0,017655","0,031145","0,017583",2
"0,025628","0,013314","0,027309","0,014343",2
"0,026612","0,019409","0,039166","0,020954",2
"0,0375","0,03111","0,069801","0,037195",2
"0,044096","0,022173","0,039925","0,018957",2
"0,019462","0,029919","0,05003","0,028941",2
"0,058741","0,014327","0,027257","0,01508",2
"0,040917","0,019985","0,037258","0,019263",2
"0,0059346","0,030108","0,038966","0,019026",2
"0,019491","0,024072","0,041016","0,021068",2
"0,041721","0,024127","0,043325","0,024671",2
"0,012103","0,024102","0,038044","0,022513",2
"0,0039961","0,015074","0,030745","0,017158",2
"0,0091588","0,026067","0,053294","0,025936",2
"0,041938","0,02652","0,058935","0,033006",2
"0,0036887","0,026225","0,048909","0,027839",2
"0,0059129","0,019554","0,050275","0,024386",2
"0,047459","0,029017","0,045919","0,02636",2
"0,014021","0,021255","0,037049","0,021435",2
"0,06513","0,016825","0,034189","0,015243",2
"0,014985","0,040723","0,057862","0,029856",2
"0,043449","0,020185","0,044493","0,020225",2
"0,040118","0,02492","0,052668","0,030515",2
"0,019415","0,02316","0,045826","0,023229",2
"0,004129","0,028368","0,046682","0,028034",2
"0,013226","0,038901","0,048677","0,031421",2
"0,044479","0,035514","0,058561","0,032285",2
"0,0080538","0,025462","0,043429","0,022918",2
"0,039181","0,021886","0,039604","0,022891",2
"0,0040727","0,038253","0,046809","0,02207",2
"0,047786","0,024693","0,047503","0,024218",2
"0,034409","0,030405","0,045674","0,026233",2
"0,013628","0,025136","0,025224","0,012477",2
"0,0082217","0,027596","0,030409","0,018154",2
"0,059809","0,018055","0,039342","0,019291",2
"0,039511","0,027784","0,063955","0,030717",2
"0,029525","0,014226","0,033537","0,020786",2
"0,012001","0,023782","0,052091","0,028108",2
"0,026279","0,027638","0,046462","0,022992",2
"0,024364","0,032087","0,046267","0,021136",2
"0,014654","0,033401","0,064959","0,03109",2
"0,0060944","0,025781","0,037235","0,02495",2
"0,034999","0,026266","0,056398","0,027724",2
"0,023289","0,027638","0,037037","0,016441",2
"0,009343","0,037561","0,037811","0,018074",2
"0,03542","0,016932","0,027692","0,013752",2
"0,012434","0,023682","0,051887","0,027578",2
"0,060176","0,032372","0,061852","0,029187",2
"0,018418","0,023437","0,053056","0,032029",2
"0,0042808","0,018451","0,034403","0,017724",2
"0,040744","0,018061","0,046631","0,023697",2
"0,026177","0,027003","0,040468","0,021138",2
"0,03036","0,03081","0,061814","0,026523",2
"0,0012072","0,017229","0,032548","0,015416",2
"0,01567","0,01937","0,022737","0,011477",2
"0,01006","0,024631","0,042842","0,024593",2
"0,0083414","0,044108","0,046881","0,026272",2
"0,020613","0,039071","0,053312","0,03153",2
"0,06007","0,027522","0,051681","0,020076",2
"0,065079","0,032119","0,043509","0,021166",2
"0,076126","0,019512","0,025999","0,012789",2
"0,023048","0,032969","0,043408","0,02555",2
"0,060159","0,03408","0,042215","0,0264",2
"0,041894","0,017354","0,044326","0,0219",2
"0,046539","0,075211","0,14069","0,083346",2
"0,0271","0,02502","0,053161","0,026513",2
"0,0060078","0,020814","0,042994","0,021444",2
"0,0063633","0,026214","0,046206","0,025173",2
"0,040198","0,034503","0,04135","0,022262",2
"0,066823","0,024815","0,046286","0,023035",2
"0,0042478","0,016453","0,030496","0,018184",2
"0,063601","0,029386","0,036017","0,020653",2
"0,028164","0,026202","0,054248","0,024985",2
"0,031435","0,031838","0,058938","0,032678",2
"0,0097094","0,032678","0,037832","0,021612",2
"0,027865","0,031459","0,038672","0,01936",2
"0,019427","0,036082","0,042663","0,022455",2
"0,038092","0,019038","0,028933","0,014868",2
"0,010377","0,01111","0,024696","0,011705",2
"0,015995","0,027118","0,050082","0,02918",2
"0,017156","0,039234","0,040061","0,023212",2
"0,022035","0,024071","0,045466","0,027295",2
"0,04162","0,026919","0,05596","0,032136",2
"0,0023861","0,048304","0,044961","0,024543",2
"0,0077286","0,026472","0,049164","0,029484",2
"0,039172","0,025056","0,043179","0,022879",2
"0,017131","0,032736","0,03727","0,019496",2
"0,049588","0,035979","0,063628","0,034668",2
"0,013322","0,016821","0,033878","0,022894",2
"0,0057082","0,029449","0,049658","0,017813",2
"0,048084","0,036538","0,055768","0,030207",2
"0,03108","0,027097","0,04748","0,024331",2
"0,051797","0,038333","0,064294","0,031062",2
"0,014422","0,020742","0,094332","0,019873",2
"0,051605","0,010722","0,031216","0,016393",2
"0,071997","0,037725","0,078166","0,044612",2
"0,015106","0,028062","0,044211","0,029858",2
"0,016955","0,027188","0,056863","0,025357",2
"0,027651","0,034865","0,05381","0,032036",2
"0,025358","0,036633","0,050695","0,025535",2
"0,042052","0,0133","0,025237","0,01347",2
"0,0059964","0,027038","0,05395","0,026133",2
"0,05526","0,019727","0,041568","0,023995",2
"0,034062","0,019603","0,040331","0,024713",2
"0,010267","0,024704","0,054719","0,034951",2
"0,018982","0,018904","0,038753","0,017664",2
"0,0091685","0,028626","0,058404","0,029897",2
"0,0069755","0,018017","0,037952","0,019914",2
"0,050544","0,016466","0,035816","0,019976",2
"0,036977","0,021346","0,037481","0,02754",2
"0,04132","0,015997","0,030068","0,019483",2
"0,039229","0,017251","0,02501","0,014844",2
"0,034158","0,05091","0,071761","0,030511",2
"0,0049419","0,026664","0,048848","0,030473",2
"0,062248","0,029909","0,03732","0,022391",2
"0,029375","0,023843","0,037636","0,020578",2
"0,0013079","0,032284","0,06382","0,031798",2
"0,025858","0,040672","0,047193","0,022701",2
"0,011014","0,026678","0,055902","0,029996",2
"0,028587","0,029975","0,037005","0,014634",2
"0,018236","0,029311","0,054545","0,024155",2
"0,02984","0,016405","0,034289","0,017552",2
"0,011746","0,016347","0,031859","0,013011",2
"0,015119","0,031765","0,042502","0,020929",2
"0,023874","0,032052","0,040616","0,022381",2
"0,070619","0,015876","0,03547","0,020232",2
"0,00071026","0,015533","0,070615","0,021921",2
"0,0046002","0,013064","0,031816","0,015388",2
"0,02136","0,034005","0,063731","0,019691",2
"0,053473","0,027692","0,04759","0,027506",2
"0,012917","0,013255","0,02964","0,01813",2
"0,062237","0,035933","0,058336","0,022154",2
"0,00038606","0,016346","0,042566","0,020805",2
"0,04295","0,020789","0,032645","0,019",2
"0,00069197","0,031254","0,064359","0,036763",2
"0,027858","0,034469","0,039776","0,025089",2
"0,025095","0,037431","0,051429","0,024767",2
"0,034738","0,016481","0,034409","0,018897",2
"0,0008046","0,028263","0,041684","0,021271",2
"0,021174","0,023974","0,046524","0,024858",2
"0,016373","0,019842","0,034332","0,025214",2
"0,039273","0,034666","0,060037","0,030002",2
"0,061593","0,019968","0,053228","0,023433",2
"0,0249","0,02186","0,042749","0,020815",2
"5,10E-05","0,019725","0,035035","0,0201",2
"0,014007","0,027661","0,033139","0,018454",2
"0,022613","0,036523","0,043192","0,034028",2
"0,0022844","0,035382","0,045659","0,023797",2
"0,040383","0,03021","0,034904","0,018524",2
"0,040993","0,023123","0,040411","0,023489",2
"0,033327","0,010083","0,021248","0,012962",2
"0,00019093","0,029056","0,04849","0,029093",2
"0,037761","0,027582","0,039102","0,01825",2
"0,057977","0,01439","0,026702","0,013444",2
"0,03628","0,010655","0,020156","0,01256",2
"0,013736","0,023355","0,043654","0,022618",2
"0,030746","0,026559","0,031026","0,014668",2
"0,010252","0,023999","0,039828","0,019249",2
"0,059529","0,034526","0,052743","0,024095",2
"0,021788","0,032051","0,044126","0,022105",2
"0,018742","0,027482","0,038352","0,024884",2
"0,0023355","0,021269","0,032684","0,01616",2
"0,042472","0,020496","0,031208","0,016735",2
"0,034518","0,031255","0,048029","0,025339",2
"0,0088091","0,022971","0,051745","0,025198",2
"0,029377","0,026562","0,041851","0,022",2
"0,027864","0,041572","0,06901","0,03115",2
"0,057535","0,026858","0,052569","0,025336",2
"0,020957","0,025402","0,053473","0,028412",2
"0,071298","0,02527","0,045386","0,023261",2
"0,036986","0,020474","0,030583","0,013834",2
"0,048994","0,020504","0,042685","0,019654",2
"0,026906","0,037572","0,067369","0,031815",2
"0,034842","0,012984","0,031236","0,014578",2
"0,028478","0,023508","0,038604","0,021449",2
"0,0037934","0,019164","0,040618","0,022423",2
"0,014521","0,029494","0,045999","0,024322",2
"0,022651","0,024867","0,033628","0,018443",2
"0,04835","0,027339","0,03573","0,016223",2
"0,053997","0,05175","0,051749","0,026719",2
"0,043513","0,044205","0,063929","0,037972",2
"0,067665","0,023506","0,039435","0,024533",2
"0,047119","0,024809","0,05144","0,024921",2
"0,0023522","0,010667","0,022477","0,010497",2
"0,029193","0,027335","0,075923","0,026189",2
"0,072044","0,012298","0,025777","0,015043",2
"0,0013712","0,025478","0,030108","0,015283",2
"0,015831","0,029352","0,048361","0,023356",2
"0,013365","0,035055","0,050624","0,021558",2
"0,012166","0,031999","0,053912","0,028732",2
"0,035661","0,022673","0,049771","0,02446",2
"0,019766","0,032404","0,041613","0,026535",2
"0,026361","0,019194","0,029256","0,016528",2
"0,037992","0,017908","0,034963","0,013335",2
"0,018106","0,034127","0,048237","0,023232",2
"0,029908","0,040496","0,045887","0,022234",2
"0,034191","0,025461","0,028689","0,014074",2
"0,01952","0,016949","0,036172","0,019667",2
"0,03912","0,025217","0,043277","0,022384",2
"0,024629","0,034143","0,045899","0,023465",2
"0,013429","0,029949","0,068166","0,036703",2
"0,023595","0,025273","0,06753","0,029222",2
"0,018543","0,028356","0,049055","0,025837",2
"0,060965","0,026299","0,048209","0,023686",2
"0,028978","0,040182","0,067394","0,030344",2
"0,014738","0,014244","0,031084","0,01762",2
"0,00039639","0,039328","0,054803","0,037056",2
"0,014224","0,028097","0,037704","0,020581",2
"0,031944","0,020826","0,038345","0,020605",2
"0,0063127","0,027332","0,064311","0,025758",2
"0,052953","0,034407","0,062083","0,023676",2
"0,025163","0,022731","0,045166","0,021702",2
"0,017877","0,029678","0,064353","0,033763",2
"0,033959","0,037479","0,056843","0,029035",2
"0,0406","0,024479","0,048228","0,02887",2
"0,0082379","0,026452","0,049212","0,023308",2
"0,0014057","0,027348","0,050034","0,027689",2
"0,030796","0,034577","0,048062","0,023022",2
"0,055945","0,02737","0,04709","0,024434",2
"0,039168","0,019852","0,052863","0,023169",2
"0,021448","0,072039","0,059715","0,068752",2
"0,01663","0,031181","0,057728","0,02928",2
"0,078655","0,018777","0,052362","0,024598",2
"0,030918","0,027639","0,044303","0,025744",2
"0,0040808","0,033112","0,065328","0,031417",2
"0,033346","0,025623","0,038373","0,020782",2
"0,032696","0,027493","0,057352","0,032878",2
"0,014588","0,043625","0,072789","0,045516",2
"0,0057434","0,033951","0,04518","0,022539",2
"0,01771","0,034347","0,052372","0,026686",2
"0,02736","0,025281","0,032681","0,015655",2
"0,066002","0,014776","0,04636","0,016147",2
"0,013545","0,022874","0,030594","0,013774",2
"0,038269","0,014233","0,028324","0,014734",2
"0,013067","0,037213","0,063275","0,028741",2
"0,0092239","0,028164","0,052133","0,026195",2
"0,030401","0,02406","0,051256","0,025534",2
"0,01567","0,01937","0,022737","0,011477",2
"0,063568","0,022352","0,036286","0,020717",2
"0,0028403","0,017727","0,032831","0,017276",2
"0,072348","0,04938","0,057136","0,081864",2
"0,0031228","0,035711","0,061845","0,030007",2
"0,0047687","0,026116","0,073011","0,026246",2
"0,0152","0,032506","0,063572","0,029457",2
"0,0079134","0,040661","0,060675","0,029399",2
"0,014471","0,02839","0,032379","0,020154",2
"0,031094","0,025167","0,040229","0,015479",2
"0,062132","0,018713","0,03718","0,019821",2
"0,005421","0,025907","0,053227","0,024267",2
"0,051289","0,027108","0,044043","0,026638",2
"0,020624","0,030847","0,054194","0,030493",2
"0,0066444","0,036559","0,058565","0,031344",2
"0,0096803","0,020287","0,037024","0,019343",2
"0,060115","0,024377","0,038824","0,019932",2
"0,036036","0,018873","0,042383","0,024147",2
"0,023503","0,035646","0,055062","0,042916",2
"0,019135","0,040294","0,052096","0,023157",2
"0,021869","0,028502","0,045814","0,025103",2
"0,01957","0,030705","0,041607","0,02254",2
"0,019658","0,02612","0,04764","0,029358",2
"0,0088589","0,034708","0,065464","0,026427",2
"0,020806","0,023976","0,045784","0,022752",2
"0,022822","0,0242","0,046709","0,024505",2
"0,011809","0,034244","0,064468","0,032318",2
"0,00030048","0,025533","0,045346","0,019309",2
"0,0016351","0,023333","0,046487","0,031478",2
"0,0069964","0,014175","0,031677","0,016639",2
"0,00161","0,053684","0,087774","0,033585",2
"0,095694","0,017296","0,030107","0,016522",2
"0,026098","0,025951","0,053148","0,029123",2
"0,026063","0,025168","0,041789","0,019581",2
"0,010328","0,029385","0,034008","0,017774",2
"0,010533","0,027547","0,03077","0,017662",2
"0,030708","0,032915","0,054649","0,032064",2
"0,026316","0,019259","0,044927","0,023798",2
"0,022933","0,026072","0,045979","0,023804",2
"0,021495","0,035396","0,046448","0,021008",2
"0,02333","0,016516","0,034243","0,019405",2
"0,026569","0,031866","0,034593","0,019513",2
"0,0077909","0,027021","0,048696","0,025487",2
"0,048566","0,018184","0,032319","0,017106",2
"0,0097816","0,018202","0,031204","0,013735",2
"0,032244","0,016412","0,021497","0,010067",2
"0,016879","0,017359","0,049294","0,021197",2
"0,039575","0,029221","0,042034","0,022228",2
"0,045856","0,016921","0,035023","0,020229",2
"0,0032814","0,020664","0,052962","0,029001",2
"0,0002755","0,022008","0,038741","0,022306",2
"0,0061472","0,02696","0,050495","0,02784",2
"0,036054","0,014931","0,029745","0,01556",2
"0,026344","0,027758","0,050292","0,026928",2
"0,0078108","0,018253","0,036399","0,018848",2
"0,044054","0,030582","0,046498","0,023095",2
"0,042417","0,029996","0,052978","0,025746",2
"0,0019635","0,029991","0,048559","0,02788",2
"0,012983","0,0215","0,038191","0,019404",2
"0,0063924","0,031652","0,061311","0,033438",2
"0,0012527","0,022163","0,039275","0,020455",2
"0,034244","0,025434","0,055854","0,027907",2
"0,029142","0,020749","0,028275","0,014998",2
"0,014336","0,038992","0,07378","0,034654",2
"0,0021563","0,046041","0,052332","0,02471",2
"0,031202","0,028299","0,051564","0,030344",2
"0,021709","0,034931","0,066218","0,03737",2
"0,022539","0,046094","0,078103","0,032687",2
"0,018437","0,023421","0,050717","0,028706",2
"0,0087789","0,031014","0,052614","0,028154",2
"0,023263","0,020039","0,038857","0,018232",2
"0,050598","0,026688","0,032146","0,017938",2
"0,042906","0,013361","0,037529","0,013095",2
"0,042498","0,036995","0,057561","0,029729",2
"0,069728","0,023942","0,048026","0,025353",2
"0,0043383","0,010727","0,02498","0,012026",2
"0,0014217","0,033582","0,05848","0,032951",2
"0,032723","0,024804","0,041713","0,022176",2
"0,014835","0,024833","0,055523","0,025237",2
"0,074384","0,034305","0,091758","0,054683",2
"0,01359","0,034747","0,053969","0,028836",2
"0,026758","0,033884","0,067744","0,037366",2
"0,05435","0,027612","0,029046","0,014906",2
"0,010358","0,033252","0,056233","0,024305",2
"0,057865","0,031041","0,038856","0,020353",2
"0,053212","0,022832","0,044856","0,022175",2
"0,0062882","0,024389","0,04911","0,027048",2
"0,059456","0,022084","0,060918","0,03337",2
"0,008454","0,032089","0,06149","0,030793",2
"0,0035065","0,02554","0,046324","0,02805",2
"0,025153","0,034487","0,062625","0,035599",2
"0,028101","0,023731","0,042789","0,022136",2
"0,035826","0,023928","0,062947","0,024148",2
"0,021418","0,033861","0,060344","0,026672",2
"0,048151","0,032767","0,039114","0,020011",2
"0,03549","0,051445","0,057642","0,028832",2
"0,022546","0,029399","0,05924","0,020916",2
"0,043174","0,029642","0,039829","0,019997",2
"0,013712","0,033581","0,03343","0,019926",2
"0,0043682","0,032266","0,050437","0,025995",2
"0,03524","0,032785","0,05312","0,028255",2
"0,0074647","0,023531","0,038304","0,021226",2
"0,033315","0,028227","0,044997","0,038516",2
"0,050806","0,03078","0,037256","0,018406",2
"0,045709","0,023047","0,046063","0,023988",2
"0,021428","0,021986","0,049156","0,029706",2
"0,044116","0,025194","0,050126","0,031308",2
"0,019338","0,032163","0,051696","0,033237",2
"0,014596","0,026985","0,034339","0,015688",2
"0,024885","0,023606","0,038695","0,017754",2
"0,018608","0,022444","0,044002","0,02255",2
"0,048506","0,050181","0,067433","0,026346",2
"0,0033539","0,069242","0,049188","0,039955",2
"0,013375","0,023386","0,079064","0,034434",2
"0,020516","0,029826","0,040228","0,019564",2
"0,026282","0,025612","0,052873","0,02949",2
"0,010538","0,037229","0,056903","0,025502",2
"0,024159","0,030806","0,054629","0,026621",2
"0,021568","0,03177","0,051731","0,028932",2
"0,0013225","0,020792","0,031425","0,015441",2
"0,024154","0,029955","0,065353","0,034083",2
"0,019003","0,02367","0,069355","0,031438",2
"0,016309","0,023326","0,024752","0,013698",2
"0,027571","0,020247","0,047027","0,022396",2
"0,0099983","0,018654","0,033879","0,020595",2
"0,02277","0,023286","0,054204","0,030139",2
"0,0025788","0,038293","0,064505","0,035744",2
"0,0034421","0,029156","0,064172","0,027731",2
"0,041175","0,028646","0,035994","0,019871",2
"0,0082523","0,033919","0,05634","0,034167",2
"0,039218","0,030399","0,057784","0,028113",2
"0,00080605","0,01841","0,043355","0,022956",2
"0,017593","0,026208","0,039772","0,031493",2
"0,0041119","0,025805","0,053035","0,028896",2
"0,066189","0,037812","0,043381","0,02382",2
"0,0063163","0,042942","0,057935","0,034471",2
"0,0043478","0,026676","0,065081","0,020906",2
"0,030373","0,026294","0,030783","0,014223",2
"0,029489","0,029411","0,050087","0,022782",2
"0,010256","0,023642","0,043626","0,022456",2
"0,013564","0,037558","0,052479","0,031016",2
"0,010703","0,023123","0,041149","0,020957",2
"0,024773","0,033955","0,056443","0,021639",2
"0,021797","0,027449","0,041458","0,023303",2
"0,010073","0,026392","0,031618","0,015806",2
"0,012289","0,044848","0,040179","0,026722",2
"0,048799","0,015874","0,037213","0,01813",2
"0,018386","0,024674","0,041654","0,020422",2
"0,016859","0,029668","0,058157","0,031761",2
"0,039237","0,021383","0,027157","0,013571",2
"0,03381","0,020225","0,036395","0,019168",2
"0,0050398","0,035315","0,045208","0,02167",2
"0,026269","0,030599","0,044437","0,025699",2
"0,011485","0,02168","0,039591","0,027877",2
"0,0034378","0,019349","0,036571","0,017302",2
"0,027367","0,029887","0,047996","0,023651",2
"0,043929","0,027658","0,049892","0,022794",2
"0,031728","0,036735","0,038588","0,020183",2
"0,032297","0,042268","0,049126","0,025879",2
"0,023485","0,031555","0,066961","0,025916",2
"0,050262","0,01479","0,029057","0,018297",2
"0,049203","0,016851","0,036825","0,019772",2
"0,073325","0,020156","0,038025","0,019305",2
"0,023459","0,044008","0,040133","0,021103",2
"0,037018","0,026253","0,027797","0,01806",2
"0,076248","0,013771","0,025551","0,01625",2
"0,017104","0,016255","0,020113","0,010166",2
"0,060924","0,016924","0,035226","0,019604",2
"0,014146","0,042016","0,033172","0,044104",2
"0,018849","0,035888","0,069074","0,038542",2
"0,059325","0,021198","0,050511","0,024735",2
"0,008954","0,046369","0,057003","0,036426",2
"0,023672","0,021","0,034662","0,018992",2
"0,020584","0,031583","0,048169","0,023344",2
"0,00034605","0,039078","0,043609","0,064455",2
"0,066176","0,026533","0,051529","0,02502",2
"0,020999","0,030286","0,034149","0,016164",2
"0,0045596","0,024584","0,050141","0,020703",2
"0,02084","0,038031","0,044254","0,02394",2
"0,024052","0,03274","0,053646","0,031957",2
"0,006292","0,035212","0,060584","0,037629",2
"0,021051","0,028829","0,033517","0,020437",2
"0,0094565","0,020368","0,035507","0,017434",2
"0,052942","0,023258","0,044806","0,02459",2
"0,0062935","0,02479","0,04537","0,028411",2
"0,0072609","0,035782","0,044322","0,026472",2
"0,023378","0,015911","0,035997","0,01583",2
"0,019076","0,028153","0,042126","0,023896",2
"0,0093325","0,040125","0,055907","0,025871",2
"0,0074504","0,041087","0,058133","0,028758",2
"0,057834","0,027976","0,063985","0,034845",2
"0,0053978","0,025176","0,051056","0,025809",2
"0,022726","0,031625","0,061946","0,029746",2
"0,047022","0,035111","0,041036","0,020367",2
"0,061037","0,025392","0,028959","0,01629",2
"0,017036","0,029526","0,049352","0,024668",2
"0,009261","0,026957","0,039912","0,019672",2
"0,012565","0,030192","0,046847","0,03034",2
"0,0096867","0,030779","0,042564","0,020229",2
"0,0022728","0,025353","0,03218","0,017707",2
"0,076065","0,023874","0,035537","0,022657",2
"0,021035","0,027238","0,059888","0,032204",2
"0,044828","0,013962","0,032959","0,020011",2
"0,057261","0,034215","0,055547","0,027819",2
"0,017045","0,025739","0,054687","0,028909",2
"0,0099115","0,022673","0,038487","0,019677",2
"0,0011774","0,019913","0,036752","0,014689",2
"0,00028812","0,028811","0,053548","0,026917",2
"0,0014108","0,029188","0,038384","0,020282",2
"0,0148","0,023604","0,06084","0,030364",2
"0,033903","0,024079","0,043579","0,024636",2
"0,023577","0,025954","0,027186","0,016434",2
"0,01014","0,028458","0,04446","0,026023",2
"0,012756","0,032481","0,057612","0,035554",2
"0,041235","0,029128","0,043581","0,021086",2
"0,052547","0,019634","0,034148","0,018069",2
"0,01653","0,0355","0,06557","0,037853",2
"0,014518","0,032205","0,059549","0,029758",2
"0,030279","0,021787","0,037592","0,019749",2
"0,019991","0,03479","0,058174","0,032282",2
"0,066658","0,015683","0,040689","0,018032",2
"0,024805","0,033969","0,057265","0,021772",2
"0,044008","0,018379","0,042175","0,019859",2
"0,077615","0,024317","0,04419","0,022804",2
"0,039777","0,027485","0,069877","0,032522",2
"0,0081904","0,031047","0,056886","0,029151",2
"0,01227","0,023304","0,035041","0,021119",2
"0,039306","0,017761","0,029457","0,017051",2
"0,020197","0,023562","0,045527","0,021387",2
"0,048578","0,026619","0,054385","0,025777",2
"0,012832","0,023118","0,043912","0,020867",2
"0,022533","0,040904","0,041622","0,020693",2
"0,019848","0,014654","0,021334","0,01127",2
"0,071839","0,0072549","0,013957","0,0079199",2
"0,017581","0,024763","0,045442","0,025945",2
"0,021826","0,032546","0,039451","0,026604",2
"0,0017016","0,022358","0,043431","0,023848",2
"0,031092","0,026555","0,046708","0,026935",2
"0,0051478","0,039294","0,064431","0,030878",2
"0,060373","0,022173","0,041495","0,023506",2
"0,01551","0,029783","0,056592","0,034446",2
"0,018566","0,024736","0,045745","0,021478",2
"0,040995","0,022644","0,026072","0,013825",2
"0,019256","0,03454","0,044177","0,024012",2
"0,026241","0,036288","0,04775","0,021893",2
"0,018777","0,03421","0,058242","0,031164",2
"0,041442","0,019719","0,040115","0,022185",2
"0,045143","0,017874","0,040896","0,023235",2
"0,048301","0,009986","0,021488","0,010744",2
"0,01709","0,033347","0,053422","0,03228",2
"0,0040899","0,035456","0,051447","0,026938",2
"0,025366","0,024336","0,047799","0,023687",2
"0,036611","0,02181","0,028916","0,020193",2
"0,021755","0,021499","0,040772","0,026706",2
"0,0056311","0,028904","0,058991","0,028524",2
"0,023869","0,032053","0,052676","0,033772",2
"0,041381","0,036067","0,045978","0,036466",2
"0,015849","0,022936","0,041756","0,023305",2
"0,013041","0,040147","0,047536","0,027399",2
"0,033376","0,019933","0,038854","0,021038",2
"0,015415","0,027761","0,054469","0,030567",2
"0,054009","0,028629","0,056654","0,027319",2
"0,042293","0,021815","0,052804","0,017371",2
"0,010571","0,027447","0,047138","0,02434",2
"0,043198","0,017974","0,034134","0,016023",2
"0,04323","0,020034","0,03486","0,019938",2
"0,011027","0,017627","0,032733","0,019962",2
"0,016674","0,027532","0,047318","0,024739",2
"0,04748","0,024305","0,050745","0,028966",2
"0,0070344","0,035214","0,058713","0,030319",2
"0,0034781","0,021589","0,036955","0,022554",2
"0,018247","0,015467","0,043107","0,021002",2
"0,027034","0,017636","0,046876","0,029189",2
"0,014015","0,029575","0,036528","0,021977",2
"0,042378","0,023345","0,052526","0,027915",2
"0,021529","0,025882","0,05476","0,025242",2
"0,047557","0,014458","0,039202","0,019017",2
"0,014234","0,020922","0,059908","0,026732",2
"0,025732","0,028449","0,041486","0,018435",2
"0,054389","0,036138","0,058694","0,030836",2
"0,0018031","0,016329","0,029916","0,016788",2
"0,030145","0,036949","0,068687","0,030215",2
"0,015557","0,01619","0,03531","0,018341",2
"0,061275","0,014973","0,034165","0,015877",2
"0,0083078","0,01564","0,032607","0,013254",2
"0,033668","0,02036","0,036662","0,01762",2
"0,04321","0,029978","0,04084","0,027573",2
"0,039379","0,042203","0,048386","0,025698",2
"0,018299","0,023847","0,046216","0,026394",2
"0,013136","0,026871","0,054525","0,026564",2
"0,0096237","0,041655","0,044161","0,024207",2
"0,0013079","0,032284","0,06382","0,031798",2
"0,026326","0,031504","0,068258","0,032751",2
"0,0019358","0,016661","0,027948","0,014842",2
"0,02094","0,028571","0,03554","0,018939",2
"0,012708","0,032506","0,045489","0,027086",2
"0,016831","0,023278","0,033794","0,021004",2
"0,0088336","0,041326","0,083479","0,040491",2
"0,051774","0,027863","0,02938","0,024286",2
"0,059039","0,042701","0,052444","0,030036",2
"0,018882","0,022537","0,042837","0,022598",2
"0,030134","0,021972","0,039138","0,022606",2
"0,027139","0,02023","0,04273","0,026459",2
"0,031467","0,018319","0,037087","0,021717",2
"0,016251","0,028991","0,063334","0,031822",2
"0,02197","0,026284","0,043644","0,01936",2
"0,019289","0,02105","0,042682","0,020885",2
"0,039643","0,01939","0,039557","0,018913",2
"0,034432","0,024074","0,054149","0,030505",2
"0,010423","0,022429","0,040424","0,023418",2
"0,015987","0,032247","0,045796","0,021888",2
"0,0096125","0,02284","0,040099","0,017492",2
"0,012296","0,029801","0,048449","0,022941",2
"0,020985","0,029582","0,06106","0,030125",2
"0,0081539","0,031978","0,051304","0,026425",2
"0,010229","0,028156","0,050921","0,027043",2
"0,002082","0,032986","0,054202","0,02674",2
"0,027576","0,034211","0,066343","0,040254",2
"0,065229","0,017298","0,038007","0,017119",2
"0,016528","0,024105","0,047334","0,025686",2
"0,074288","0,036267","0,078348","0,036529",2
